<emDataViewDatabaseIndex>
  <version major="1" minor="1"/>
  <emDatabase>
    <ParameterNames/>
    <databaseItems>
      <databaseItem index="0" name="data.000">
        <parameterValues/>
        <fileNames>
          <name>data.000.rat</name>
          <name>data.000.afs</name>
          <name>data.000.cti</name>
          <name>data.000.sam</name>
        </fileNames>
        <originalFileNames>
          <name>proj.rat</name>
          <name>proj.afs</name>
          <name>proj.cti</name>
          <name>proj.sam</name>
        </originalFileNames>
      </databaseItem>
    </databaseItems>
  </emDatabase>
</emDataViewDatabaseIndex>
